{
  "cronosPrice": 0.0836763378324731,
  "cronosMarketCap": 2309697478.35982,
  "timestamp": 1741367377642
}