{
  "cronosPrice": 0.0861076823978092,
  "cronosMarketCap": 2368852967.39005,
  "timestamp": 1741450002329
}