{
  "cronosPrice": 0.0744277230949527,
  "cronosMarketCap": 1993775453.28738,
  "timestamp": 1741123751109
}