{
  "cronosPrice": 0.0738715654518949,
  "cronosMarketCap": 1993767309.02947,
  "timestamp": 1741119704896
}