{
  "cronosPrice": 0.0806874425225595,
  "cronosMarketCap": 2222172608.02482,
  "timestamp": 1741024230565
}